﻿<?xml version="1.0" encoding="utf-8"?><bwFonts xmlns:xsi="http://www.w3.org/2001/XMLSchema-instance" xmlns:xsd="http://www.w3.org/2001/XMLSchema" fontfactoryurl="story_content/FontFactory.swf"><font id="00" name="Open SansBold Charset1 6PpVlkZmz4D"><glyphs><g i="0" c="384" p="#^DP$v%jL$v%UIDmMI7mrIzk6I_i3Isi$H6jIHzkpH0mfHEm%RE$v%yA$v%$v9e%Jz9e%$BUnBCAqSCzsXCSrcDpqtDYoID8o%iG9e%TJ9e%tM8oEMPoUMcq9NAriNzspNCrGNbqYNMoaOUn%rQ9e%aU9e" /><g i="1" c="385" p="#^VA8pVAarABdsfCgtLDgteFgtUFesyGbryG8pyG6nTF6mdF5lJD5leC5lzB6mVA6nVA8p^mK8pmKusBInuRGfwIDfwKBfweAovKywuWxVs6xir6x8p6xOlSyYjCA5iMD5iKF5ieHYiKIOjyJplmK$mmK8p" /><g i="2" c="386" p="#^DH$v%7Hfu%WGfukGcvdFKv7EfwJCfwjAfw5zZuTxGtTxfr%Txmi%BBmi%BBkqBBNr6CxsEChtODhtmFht2GesLGbrLGMo%LGmi%uKmi%uK$v" /><g i="3" c="387" p="%^GB$vYx$vYx$cGB$c" /><g i="4" c="388" p="#^gCfwSzfwuynu6xvs6xbp6xQlvyZjVz5inC5iYE5iiG5k%qG5k8Gzi8Gmh%8G$c%TJ$c%TJ$v%0H$v%iGeu%8GeuTEfwgCfw^ADht$EhtGFsslGCrpGDp%pGdppG0nJF4m2F7lwD7lgC7lABbmUAenUAfpUAgrABhshChtADht" /><g i="5" c="389" p="#" /><g i="6" c="390" p="#^$vmi%3Ami%EC1qZC1r5Dos%aDosiD8rHD1q%dGmi%dKmi%rEKxEDTzaCXAIA$BKy$BNx$BRwNB%RwQywx$yjy$yiz$y1AoyNANxbBzw%pBVv" /><g i="7" c="391" p="#^NxPeNx$cPz$cRB$cRBPeRBHfkBagQAFgPzFgNxFgNxPe^GB$v%Yx$v%Yxmi%GBmi" /><g i="8" c="392" p="%^wBAo8DvmZGmi9LmiLFgovL$vcH$vgDtqGBLrGB$vYx$vYx$cGB$cGBtltBAo" /><g i="9" c="393" p="#^BDLkpCLkKBvl4BemZADn%bGDnaGemtFvlNELkBDLk^7EfwQAfwZyru6xCs6xgp6xQlQyZjyA5iAD5itG5i4ILjHJolHJio%HJ6q%UA6qYAHrQBBsICutiEutwFutCGetJHZsWIps%WIhvXHMvQG$vJFfw7Efw" /><g i="10" c="394" p="#^IDhtGEht2GRs%2GDvFEfwDCfwoAfwmz6vlyZtlyKr%ly9l%zw9l%zwAj%Dyki%Hzsf%4Csf%4Cmi%VFmi%VF9l%4C9l%4CJr4CwswCVsZChtIDht" /><g i="11" c="395" p="#^zF5ikG5iQGci%yGHl5GzlsFzlFDzlFCumGBonGB2p%GB$v%Yx$v%Yxmi%MAmi%jBEk%vBEk8CujdDOiiE5izF5i" /><g i="12" c="396" p="#^tHYrtH2u$F9vyEfwEBfw9Afw6z2w3yRv8xsv%8xnsaySstzctNAxtMBxtNDxtNDlsNDVrwDErfDmrBC0rXBGqQAcqgzypwy_oNxqorxIn6xZm6xVl6x4kwy5jXz5iwC5i_E5ijH9j%bGSlaFplhE8loDSksCSkPASkPALlPAfmlBDmTB_mGDIngFlo$FVoLGtp6HcqtHXqtHYr" /><g i="13" c="397" p="#^9K$v%rG$v%rG1orGxmXFPlsF4loE4lZC4ljC7mGBanGBAp%GB$v%Yx$v%Yxmi%OAmi%iB5k%vB5k1C9j4DDi7E5itF5ixI5iCJ5k%XJ5kvK8jzLDiDM5iZN5iiQ5iuRhjGStkGS5n%GS$v%XO$v%XO1oXOxmrOPlYN4lUM4lwL4lQK2m9K0n9K8p" /><g i="14" c="398" p="%^aJ$v7IdrIGblCGbl7E$v7A$vewmiYzmiwBoo#VB0qiCTsmCTs#qCXrOCWp_CUoGEmiNIminKUo#qK9pxKHp#EKcqKKOq#QKorVKZr#_Kxs$KTs4LTs#bL_rtLsq#LLWoTLoovNmi9RmidN$v" /><g i="15" c="399" p="#^yK$v%QG$v%QG1oQG4lDE4l3D4lmC8mGBbnGBAp%GB$v%Yx$v%Yx$c%GB$c%GBSgGBjhAB_i%vB5k%HB5kXC5iFF5i3I5iiJojyKGkyK5n" /><g i="16" c="400" p="#^vF9l%gC9l%gC$v%yy$v%yy9l%vw9l%vwmj%yymi%yylhyy0fHzYdRATcnDTciFTcOGrd%RFagJEQfMDQf_CQfDCiggCMggCvh%gCmi%vFmi" /><g i="17" c="401" p="#^vF9l%gC9l%gC$v%yy$v%yy9l%vw9l%vwmj%yymi%yylhyy0fHzYdRATcnDTciFTcOGrd%RFagJEQfMDQf_CQfDCiggCMggCvh%gCmi%vFmi^bP9l%YL9l%YL$v%eI$v%eI9l%bG9l%bGmj%eImi%eIlheI0fnJYdxKTc3NTc_OTcuQrd%xPagpOQfsNQfGMQfjMigYLMgYLvh%YLmi%bPmi" /><g i="18" c="403" p="#^mz4q%mzapmz$nSz8nmAgmHBhlZCmknDOjNDdjNDwiNDJhcDjhDCUgzBUgKzUgox4i%3wpfNyUdRBUdlEUdQF5fjHigjHjijHFjIGEk5GCloEQmdDInVC9oBCCoBClp%BC4q^ZyfuZydtwzIs3Aas7Bas7CasGCIseDeteDfueDcvGCMv7Ckw7Bkw5AkwxzNvZyevZyfu" /><g i="19" c="404" p="%^ODvlwH9eBL9eGF2pGF$vVB$vVBap_v9e5A9e" /><g i="20" c="405" p="#^uDfw6xfw6xfp6xMlRyXjAA5iPD5ibG5i4I0j%ZGUl5GxlkFjlAE5lPD5lVA5lVAdpVAetPDetUEetPFYsKGFsEH2s%EHevKGOvPF0wUEfwuDfw" /><g i="21" c="406" p="#^rFfw1DfwGBvu%tBvuGBcwGBtw%GB$B%Yx$B%Yxmi%ZAmi%vB6k%GB6k_C5iyF5iYH5ikJZjIKQlIK8pIKkr3KYsqJzueIpv2HfwrFfw^lE4lZC4lkCWlHBMmGBJo%GB7pGBkrkChs_CetoEetVGetVG5pVG4nhG4mGF4llE4l" /><g i="22" c="407" p="#^BDkt0FktGFwslGIrpGGp%pGdppG0nJF4m2F7lyD7lVA7lVAfpVAirzBjsdCktBDkt^gCfwSzfwuyou6xws6xbp6xRlvyZjVz5ilC5iED5iBEAizF3jiG5k%pG5k%KGmi%TJmi%TJ$B%8G$B%8Ghw8GxviGeu%8GeuyFdvyEKvzDfwgCfw" /><g i="23" c="408" p="#^yK$v%QG$v%QG1oQGxmiGPlNF4lDE4l3D4lmC7mGB9nGBAp%GB$v%Yx$v%Yxmi%OAmi%iB5k%vB5k7C5jdDBijE5iIF5i4I5ijJnjyKFkyK5n" /><g i="24" c="409" p="#^yF5iYH5ikJ_jIKSlIK8pIKxshJouTHfwrFfw1DfwGBvu%pBvu%OA$v%Yx$v%Yx$c%GB$c%GBqhGBfiwB6k%GB6kZC5iyF5i^lE4lZC4lkCWlHBMmGBJo%GB7pGBkrkChs_CetoEetyFetdGasVG6rVG5pVG4ndG4mxF4llE4l" /><g i="25" c="410" p="#^QJli%QJdk%HHNkhIHlhIRmhI1pKGgqcFvruCvr%PBsr%gBorHAQrHAnsHAatLCat%3FatjHatuI8uGJ5vGJZwGJmzGHGAGF$BXB$B4z$Bzx$A3w$z3wdy3w_wQw9wCxkv5zZuwyJu5yauGxCtGx_sGxds6yIrzyarqzGqlycqJxbp5x9o5xMm5xxkyyjj$z5iHC5igD5i2EbiREhi3Fli^hzWxhzHy0A7zMAAz5CAz5EAzeF0znGtynGwxnGLwIFsw1FawDDaw%HBawGAawZzEwhz7xhzWx^EAPmEAXn8BBoFBepHCepLDepeEBoJEXnJEPmJEmkHCmkEAmkEAPm" /><g i="26" c="411" p="#^qxfuqxdtZxIswyaszzasAAas7BIsHBetHBfuHBcv7BMvzAkwzzkwyykw_xNvqxevqxfu" /><g i="27" c="412" p="%^wI$vey$vey9ewI9ewIfh0Cfh0Cal3Ial3Igo0Cgo0CTswITs" /><g i="28" c="413" p="#^CG$v%UF8u%NF8uREjvRDNvSCfwgBfwizfway7v2x$t2xWr2xLpzyJo4AHn8DAn%vFwn%vFVmvFRkoDRkLBRkyzQl%jyjjGA4ixD4ihG4iKHhjcJtkcJVm%cJ$v^vFHp%3EKpsCNpFBjqSARqSAYrSAxtGCxtYDxtJENsvF1svFOq" /><g i="29" c="414" p="#^vF9l%gC9l%gC$v%yy$v%yy9l%vw9l%vwmj%yymi%yylhyy0fHzYdRATcnDTciFTcOGrd%RFagJEQfMDQf_CQfDCiggCMggCvh%gCmi%vFmi^tHPetH$cvJ$cxL$cxLPexLHf0LagwKFgvJFgtHFgtHPe^mL$v%EH$v%EHmi%mLmi" /><g i="30" c="415" p="#^qxfuqxdtZxIswyaszzasAAas7BIsHBetHBfuHBcv7BMvzAkwzzkwyykw_xNvqxevqxfu^qxakqx8jZxDiwy5izz5iAA5i7BDiHB9jHBakHB9l7BIlzAfmzzfmyyfm_xJlqxalqxak" /><g i="31" c="418" p="#^0Czm%gDzm0FzmTFTlLGalLGRjLGwi0GUhiFfhLDfh%0Cfh^AKJjAKBmMI7oZGFpEDFp%0CFp%0C$v%ey$v%ey9e%XD9ebH9eTIyfAKXgAKJj" /><g i="32" c="419" p="%^SM$v5J$v5Jjo0Cjo0C$vey$vey9e0C9e0C9l5J9l5J9eSM9e" /><g i="33" c="420" p="%^ey$vey9e1C9e1C$v" /><g i="34" c="421" p="%^ey$vey9e0C9e0CTsgJTsgJ$v" /><g i="35" c="422" p="#^MI2rMIst1HSuiFfwbCfwlzfw8xav%8xFrXyssbAOssB7tuC7tKD7toEFs3Fas3Fdr3FIqMEiqtETpVDvplD7pBBioYzxn8zQmky6mQxallxdklxZilxBgYyffzAUdoDUdNEUd2GdejHyeHI8f%tH5i1Gvh5FhhaE2hgD2hbC2hCByh2B2i2BRi2BljhBJjwB5k0CrkwCNkpEHlWGUmRH5oMIipMI2r" /><g i="36" c="423" p="#^0C4m%fD4m1F4mUFulLGTkLGBjLGjiTFNh$EfhaDfh%0Cfh^0C9p%0C$v%ey$v%ey9e%rD9e4H9ePIufzKOgzKvjzK4lHJjmQIxnfHdogLeuvM$v%iI$v%1E9p" /><g i="37" c="424" p="%^bB$v$vmiUzmiwC7q#ZCBr4DWs8DWs#cDLrHD7qjGmidKmi0F$v" /></glyphs></font><font id="10" name="Open Sans Charset1 6H74GhellgL"><glyphs><g i="0" c="384" p="%^_C4nLH9e$J9e1E4p1E$vXB$vXBap$v9egy9e" /><g i="1" c="385" p="#^ODfwQAfw6zruoxDsoxqpoxam_yhkAAnigDniNFnifH1kJIGlJIoo%JIGp%vzGpzz1sHAgtPBuuTDuu1Guu8IAt%8Inv3HRv6G2w9FfwODfw^fD4kEB4kGA7lJzamyz1o%yG1oyG6mHF5lQE4kfD4k" /><g i="2" c="386" p="#^MGlsMGdunFev_DfwtBfwPyfwkxov%kxwthy$toziuvAAuwBAu6DAuYD4uPEztPEwsPEKr7EbrsDDqvBSpDzapQyFo2y7oFxtnhxPmhxUlhxgkCykjYznigCniqEniuGfj%MFVkLD4k7C4kGA4kXzxkdzZkdzMldzimuzHmMz3nnApn_AKnJCoo5FfpWF8qMG0rMGls" /><g i="3" c="387" p="%^oM$v0K$vgA0haA0h#mAFjmARlmA$vsy$vsy9eOA9ewK3tCK3t#BKKsvKYq#qK9prKoorK9eoM9e" /><g i="4" c="388" p="#^HJipHJzs1IpuoGfwuDfwHBfwiApvVyzu8y_soxproxipox0m1zckGAnizDninGni1IfkHJ6mHJip^vzhpvzSrwActyByuxDyuwFyuyGctAHSrAHhpAHKmyGqlwF5kwD5kwB5kvAplvzImvzhp" /><g i="5" c="389" p="#^XN2nXNkrMLOtCJfwLFfwOBfwFzRtwxqrwx1nwxGiFzhgPBTdMFTdCJTdMLjgXNLiXN2n^Jz2nJzHqfBzsOCruLFruJIrudKzsKLHqKL2nKLsjdKBhJIKfMFKfOCKffBChJztjJz2n" /><g i="6" c="390" p="%^lL$vUI$voClnwA$owA$vsy$vsy9ewA9ewA$mCI9e3L9eUDVl" /><g i="7" c="391" p="#^wIfrwICtOGXu5FfwaCfw$yfwhxqv%hxqtoyUtGzauZArueCrujErumFEtqGRsqGrrqGwq2GWpGFkpOEQoWDko8CHnFzOmAyAlwxmkwxoiwxkg3z6fDAUdaDUdQFUd3ISe%qHGgcFLf7DLftBLfyAsgDz9hDzqiDzljYzXjiAxk6B1lWBwlBD6mpG7nsHgowIppwIfr" /><g i="8" c="392" p="#^nG$v%ZF5u%TF5uTElvTDOvTCfwoBfwpzfwgydv8xbu8xis8xfoDD2o%UF_n%UF8nUFAldFQkyE4k2D4knB4kgz5l%EyyjDz0jOAJi_BpiaDpizFpiJGtjTHwkTHSm%TH$v^OBAuHDAuMEytRFvsRFDq%RFqp%PDvppBApkAfqgzWqgzksgzptWz$tBAAuOBAu" /><g i="9" c="393" p="#^bP$v%bPhnbPHlvOUkQN5koM5kuK5kAJblHIgmHIwo%HI$v%FG$v%FGhnFGHlZFUkiF5kRD5kXB5k2BelaAnmaAZo%aA$v%8y$v%8yDi%NzDi%7Ask%dAskNAtjQBWiTCniaEnijHnigIDk%nIDkZIBj5K_ieLniHMniYOni4QyjdRIkdRgn%dR$v" /><g i="10" c="394" p="#^mEfw3DfwZBMvUAhvaAhu%0AhuaAsvaAvw%aA$B%8y$B%8yDi%NzDi%3Ark%aArkYAlj_BSi0DnimEni0HnisIbkVJ$lVJipVJBsrIquZGfwmEfw^3E5k0C5k5BelbAmmaARo%aAhpaA6s6Bkt2Cyu7EyuRFyuQG8tPHKrPHgpPHMmQGrlRF5k3E5k" /><g i="11" c="395" p="%^aA$v8y$v8y$caA$c" /><g i="12" c="396" p="#" /><g i="13" c="397" p="#^EI9e%TK9e%rE$v%oC$v%$v9e%by9e%hCHp$CHrpDztRDBrzEDp" /><g i="14" c="398" p="#^aA$v%8y$v%8yDi%aADi^Zx$eZxiejy_dFyFdazFdFzFd$z_dmAjemA$emAGf$z0gFzmgazmgFymgjy0gZxGfZx$e" /><g i="15" c="399" p="#^eHcu%7HcuKFfwXCfwjAfwRysuoxFsoxlpox1mSyckkAniXCniFFni6Hlk%gHlk%bHnj%7Hri%7H$c%9J$c%9J$v%wH$v^bDyugFyubGqt7Hhs7HMp%7Hlp7HvmaGileF4kaD4koB4krAtlvzRmvzmpvzWrrAetnByubDyu" /><g i="16" c="400" p="%^FJ$vsHkqiAkq5y$v$v$v2D4eOE4eQL$v^OGsoJEWi#kEShUDlg#DDwh7DWi1Bso" /><g i="17" c="401" p="#^fEni8FniRFwi%zFokKEdk5EdktCdkjBxlaARmaAPo%aA$v%8y$v%8yDi%PzDi%2A5l%8A5lUANjXB4j_CnifEni" /><g i="18" c="403" p="#^iH$v%iHkniHIlyGVkPF5kdE5k7C5k8BelaAmmaAZo%aA$v%7y$v%7yDi%NzDi%7Ark%dArkRAsjYBWi4DnitEniTGni5IyjkJIkkJgn%kJ$v" /><g i="19" c="404" p="%^XD$vSB$vSB$fdw$fdw9eBJ9eBJ$fXD$f" /><g i="20" c="405" p="#^iH$v%iHlniHJlyGWkPF6kdE6k6C6k8BflaAomaA$o%aA$v%7y$v%7y$c%aA$c%aALiaANj3Atk%bAtkOAwjUBZi$CpiqEpiTGpi5IAjkJKkkJgn%kJ$v" /><g i="21" c="406" p="#^gA5t%sAmt7ABuxzcwXyPxhydz%Mwdz5xXxux3wUxcu2y5t" /><g i="22" c="407" p="#^MJljMJ3mVHxn3G_oDC_o%wA_o%wA$v%ry$v%ry9e%4D9eMJ9eMJlj^wAcn%oCcn8FcnmGjmBHplBHsjBHGhrGPgiFYfRCYf%wAYf" /><g i="23" c="408" p="%^_L$vWJ$vWJCnwACnwA$vry$vry9ewA9ewALlWJLlWJ9e_L9e" /><g i="24" c="409" p="#^tCAu$CAuvDvu$DpuiEku%iETvZD1wkD8wHCfwaCfwhyfwhy9s%hyck%nwck%nwdj%hyni%8zxf%jAxf%jADi%cEDi%cEck%jAck%jA3sjAhtUAXttBAutCAu" /><g i="25" c="410" p="#^uDfwAAfw_ysuoxFsoxopox1m$yckDAniDDniBEniyFAiwGNi3H3j%sGNkNFwk_ElkbEakADakvzakvznpvzRruAatuBuurDuu6FuuTGLt%TGyvxFfwuDfw" /><g i="26" c="411" p="#^mEpi$GpisIckVJ$lVJipVJBsrIquZGfwmEfw3DfwZBMvUAhvaAhu%0Ahu%Bz$v%8y$v%8y$c%aA$c%aAChaAaj3Apk%aApkABpimEpi^3E6k$B6k4BilaAumaAipaA6s6Bkt2Cyu7Eyu_FyuUGbtPHPrPHgpPHFmUGol_F6k3E6k" /><g i="27" c="412" p="#^5JDi%5JVj%DGckYGDkdHjlvH$lvHSmvHQo9G$pPEartCarSBarlB3r2ALr2AOs2AltvACtYATt2CTt%qETtBGTtLHOuWIIvWIrxWIFz8HQAmF$BXB$Bjz$BUx0Btw2Atwfytw1xfx8w1yfvszXuXyIuAydueyKtey4teylsDyOr0zfrSzKqQyjqayipwxgowxXmwxLkQyzj9AniACniDDnitEDi^qyeyqykzkzUzfAsAZBsAwEsAKFHzZGWyZGCxZGwwiG5wDFHvMDHv%lBHvZzHvbzlwqy$wqyey^wzVmwziojA1p6BLpxCLpvFLpvFSmvFSjuCSj3BSjhADkwzolwzVm" /><g i="28" c="413" p="%^4J$vCG8o#oGqnLFTkFFTk#9F0nNEaogC$vWz$vgwDioyDi#HzFnmAiq#2BWs8BRtfBRt#nB9tGB2s#ZBXqcCiqFEDiRGDieJiq#WJosaKPtgKPt#jKntxKts#LKyr4NDiaPDiuL$v" /><g i="29" c="414" p="#^8A8pGAooLBbn%3GDi%tIDi%2Djo%RI$v%oG$v%GBGp%8A_q%8A$v%8y$v%8y$c%8A$c%8A3n8AKn2A8p" /><g i="30" c="415" p="#^2ADi%2Air2AWsNAKtxByu7DyudFyubGpt9Hfs9HEp%9HDi%bJDi%bJ$v%wH$v%dHcu%6HcuuGbvnFJvhEfwSCfwqAfwcz5v$xWt$xnr%$xDi" /><g i="31" c="418" p="#^RxIuRxTtdyttBy2tiz2t$z2toAttOATtOAIuOAvvoAXv_zmwizmwGymwfyZvRxAvRxIu" /></glyphs></font></bwFonts>